number,volume,index,case,title
1,1,1,ジェットコースター殺人事件,「平成のホームズ」
2,1,2,社長令嬢誘拐事件,「小さくなった名探偵」
3,1,3,社長令嬢誘拐事件,「仲間はずれの名探偵」
4,1,4,社長令嬢誘拐事件,「6本目の煙突」
5,1,5,社長令嬢誘拐事件,「もう一人の犯人」
6,1,6,アイドル密室殺人事件,「迷探偵を名探偵に」
7,1,7,アイドル密室殺人事件,「血ぬられたアイドル」
8,1,8,アイドル密室殺人事件,「あなたに似た人」
9,1,9,アイドル密室殺人事件,「不幸な誤解」
10,2,1,赤鬼村火祭殺人事件,「割のいい尾行」
11,2,2,赤鬼村火祭殺人事件,「完璧なアリバイ」
12,2,3,赤鬼村火祭殺人事件,「写真は語る」
13,2,4,奇妙な人捜し殺人事件,「行方不明の男」
14,2,5,奇妙な人捜し殺人事件,「かわいそうな少女」
15,2,6,奇妙な人捜し殺人事件,「大男を追え！」
16,2,7,奇妙な人捜し殺人事件,「悪魔のような女」
17,2,8,幽霊屋敷殺人事件,「恐怖の館」
18,2,9,幽霊屋敷殺人事件,「消える子供達」
19,2,0,幽霊屋敷殺人事件,「地下室の悪夢」
20,3,1,豪華客船連続殺人事件,「本家の一族」
21,3,2,豪華客船連続殺人事件,「密室の秘密」
22,3,3,豪華客船連続殺人事件,「遺産の行方」
23,3,4,豪華客船連続殺人事件,「一族抹殺」
24,3,5,豪華客船連続殺人事件,「暗闇の仕掛人」
25,3,6,豪華客船連続殺人事件,「かなわぬ夢」
26,3,7,月いちプレゼント脅迫事件,「奇妙な贈り物」
27,3,8,月いちプレゼント脅迫事件,「同一人物」
28,3,9,月いちプレゼント脅迫事件,「8月3日の謎」
29,3,0,月いちプレゼント脅迫事件,「眼前セーフ」
30,4,1,美術館オーナー殺人事件,「甲冑の騎士」
31,4,2,美術館オーナー殺人事件,「ダイイング・メッセージ」
32,4,3,美術館オーナー殺人事件,「書けないペン」
33,4,4,新幹線大爆破事件,「はちあわせた二人組」
34,4,5,新幹線大爆破事件,「グリーン車の四人」
35,4,6,新幹線大爆破事件,「ラスト10秒の恐怖」
36,4,7,大都会暗号マップ事件,「暗号表入手!!」
37,4,8,大都会暗号マップ事件,「暗号解読のABC」
38,4,9,大都会暗号マップ事件,「答ともうひとつの答」
39,4,0,大都会暗号マップ事件,「光る魚の正体」
40,5,1,山荘包帯男殺人事件,「怪人…包帯の男」
41,5,2,山荘包帯男殺人事件,「第一の犠牲者！」
42,5,3,山荘包帯男殺人事件,「蘭ピンチ！」
43,5,4,山荘包帯男殺人事件,「暗闇の襲撃！」
44,5,5,山荘包帯男殺人事件,「殺人鬼の正体！」
45,5,6,カラオケボックス殺人事件,「カラオケ殺人！」
46,5,7,カラオケボックス殺人事件,「自殺か他殺か？」
47,5,8,カラオケボックス殺人事件,「歌に秘められた謎」
48,5,9,カラオケボックス殺人事件,「すれちがい…」
49,5,0,江戸川コナン誘拐事件,「見知らぬ来訪者」
50,5,1,江戸川コナン誘拐事件,「脱出そして追跡」
51,6,1,江戸川コナン誘拐事件,「仮面の下の真実」
52,6,2,骨董品コレクター殺人事件,「三人の訪問客？」
53,6,3,骨董品コレクター殺人事件,「三人のアリバイ」
54,6,4,骨董品コレクター殺人事件,「留守番電話の謎」
55,6,5,骨董品コレクター殺人事件,「タンスの言葉」
56,6,6,消えた死体殺人事件,「結成！少年探偵団」
57,6,7,消えた死体殺人事件,「ナゾの兄弟」
58,6,8,消えた死体殺人事件,「動く死体の謎」
59,6,9,天下一夜祭殺人事件,「祭りの夜」
60,6,0,天下一夜祭殺人事件,「アリバイは完璧!?」
61,7,1,天下一夜祭殺人事件,「写真のワナ」
62,7,2,ピアノソナタ「月光」殺人事件,「月影島への招待状」
63,7,3,ピアノソナタ「月光」殺人事件,「ピアノの呪い」
64,7,4,ピアノソナタ「月光」殺人事件,「残された楽譜」
65,7,5,ピアノソナタ「月光」殺人事件,「業火の秘密」
66,7,6,ピアノソナタ「月光」殺人事件,「血染めのボタン」
67,7,7,ピアノソナタ「月光」殺人事件,「名前の秘密!!」
68,7,8,プロサッカー選手脅迫事件,「新一の恋人!!」
69,7,9,プロサッカー選手脅迫事件,「名探偵蘭!?」
70,7,0,プロサッカー選手脅迫事件,「命の時間切れ!?」
71,8,1,プロサッカー選手脅迫事件,「ついに見つけた!!」
72,8,2,闇の男爵[ナイトバロン]殺人事件,「闇の男爵」
73,8,3,闇の男爵[ナイトバロン]殺人事件,「恐怖のウイルス」
74,8,4,闇の男爵[ナイトバロン]殺人事件,「仮面の下」
75,8,5,闇の男爵[ナイトバロン]殺人事件,「蘭の涙」
76,8,6,闇の男爵[ナイトバロン]殺人事件,「風のいたずら!?」
77,8,7,闇の男爵[ナイトバロン]殺人事件,「落下地点の秘密」
78,8,8,6月の花嫁殺人事件,「花嫁の悲劇」
79,8,9,6月の花嫁殺人事件,「禁断のレモンティー!?」
80,8,0,6月の花嫁殺人事件,「殺しの理由」
81,9,1,歩美ちゃん誘拐事件,「危ないかくれんぼ」
82,9,2,歩美ちゃん誘拐事件,「声を追え!!」
83,9,3,歩美ちゃん誘拐事件,「えっ！本当!?」
84,9,4,小五郎の同窓会殺人事件,「小五郎の同窓会」
85,9,5,小五郎の同窓会殺人事件,「意外なヒント」
86,9,6,小五郎の同窓会殺人事件,「弁慶の仁王立ち」
87,9,7,資産家令嬢殺人事件,「花婿選び」
88,9,8,資産家令嬢殺人事件,「忍び寄る影」
89,9,9,資産家令嬢殺人事件,「死体がもうひとつ…」
90,9,0,資産家令嬢殺人事件,「無差別殺人!?」
91,10,1,資産家令嬢殺人事件,「水の時間差トリック」
92,10,2,外交官殺人事件,「西の名探偵」
93,10,3,外交官殺人事件,「二人の推理」
94,10,4,外交官殺人事件,「東の名探偵…!?」
95,10,5,外交官殺人事件,「東の名探偵現る!?」
96,10,6,図書館殺人事件,「熱いからだ」
97,10,7,図書館殺人事件,「忍び寄る殺人鬼」
98,10,8,図書館殺人事件,「もう一人の乗客」
99,10,9,雪山山荘殺人事件,「吹雪が呼んだ惨劇」
100,10,0,雪山山荘殺人事件,「最後の言葉」
101,11,1,雪山山荘殺人事件,「話すテーブルクロス」
102,11,2,テレビ局殺人事件,「生放送中の死」
103,11,3,テレビ局殺人事件,「幻の道」
104,11,4,テレビ局殺人事件,「緊急推理ショー」
105,11,5,コーヒーショップ殺人事件,「大事な人!?」
106,11,6,コーヒーショップ殺人事件,「凶器のありか」
107,11,7,コーヒーショップ殺人事件,「二つの謎」
108,11,8,霧天狗伝説殺人事件,「修行の間」
109,11,9,霧天狗伝説殺人事件,「桜と壁の穴」
110,11,0,霧天狗伝説殺人事件,「宙に浮く力」
111,12,1,月と星と太陽の秘密,「博士の宝箱」
112,12,2,月と星と太陽の秘密,「黒い太陽」
113,12,3,月と星と太陽の秘密,「宝の正体」
114,12,4,ゲーム会社殺人事件,「突然の遭遇」
115,12,5,ゲーム会社殺人事件,「爆弾の行方」
116,12,6,ゲーム会社殺人事件,「コナンの誤算」
117,12,7,ホームズ・フリーク殺人事件,「マイクロフトでの集い」
118,12,8,ホームズ・フリーク殺人事件,「知りすぎていた女」
119,12,9,ホームズ・フリーク殺人事件,「ナゾの爆発」
120,12,0,ホームズ・フリーク殺人事件,「見破られたウソ」
121,13,1,ホームズ・フリーク殺人事件,「本当の姿」
122,13,2,三つ子別荘殺人事件,「目撃者は…!?」
123,13,3,三つ子別荘殺人事件,「三つ子の容疑者」
124,13,4,三つ子別荘殺人事件,「哀しき兄弟の絆」
125,13,5,イラストレーター殺人事件,「落ちる死体」
126,13,6,イラストレーター殺人事件,「疑惑の自殺」
127,13,7,イラストレーター殺人事件,「花と蝶」
128,13,8,大怪獣ゴメラ殺人事件,「逃亡者」
129,13,9,大怪獣ゴメラ殺人事件,「怪獣ゴメラの悲劇」
130,13,0,大怪獣ゴメラ殺人事件,「去りゆく後ろ姿」
131,14,1,追いつめられた名探偵！連続2大殺人事件[1],「写真があった!!」
132,14,2,追いつめられた名探偵！連続2大殺人事件[1],「電話の数字」
133,14,3,追いつめられた名探偵！連続2大殺人事件[1],「事件はこれから!?」
134,14,4,追いつめられた名探偵！連続2大殺人事件[2],「落葉の中の尋問」
135,14,5,追いつめられた名探偵！連続2大殺人事件[2],「母さんの胸の中!?」
136,14,6,追いつめられた名探偵！連続2大殺人事件[2],「コナンの笑み…」
137,14,7,追いつめられた名探偵！連続2大殺人事件[2],「有希子の笑み…」
138,14,8,追いつめられた名探偵！連続2大殺人事件[2],「もう一人の…」
139,14,9,スキーロッジ殺人事件,「奇妙な集まり」
140,14,0,スキーロッジ殺人事件,「最後の客」
141,15,1,スキーロッジ殺人事件,「ない!?」
142,15,2,スキーロッジ殺人事件,「消えた凶器」
143,15,3,スキーロッジ殺人事件,「涙で語る真実」
144,15,4,人気アーティスト誘拐事件,「声が似てる!?」
145,15,5,人気アーティスト誘拐事件,「狙うは…」
146,15,6,人気アーティスト誘拐事件,「デュエット!?」
147,15,7,金融会社社長殺人事件,「指をペロッ!?」
148,15,8,金融会社社長殺人事件,「魔法を使った!?」
149,15,9,金融会社社長殺人事件,「悪魔の呼び声」
150,15,0,名家連続変死事件,「血染めの包帯」
151,16,1,名家連続変死事件,「白き殺人者」
152,16,2,名家連続変死事件,「真実の電話」
153,16,3,名家連続変死事件,「炎の絆」
154,16,4,帝丹小学校七不思議事件,「学校の不思議」
155,16,5,帝丹小学校七不思議事件,「誰かいる!?」
156,16,6,コナンvs.怪盗キッド,「邂逅」
157,16,7,コナンvs.怪盗キッド,「消滅」
158,16,8,コナンvs.怪盗キッド,「気配」
159,16,9,コナンvs.怪盗キッド,「終極」
160,16,0,名陶芸家殺人事件,「陶芸家達の企み」
161,17,1,名陶芸家殺人事件,「動かぬ証拠」
162,17,2,名陶芸家殺人事件,「音で殺す!?」
163,17,3,スキューバダイビング殺人事件,「三つの謀」
164,17,4,スキューバダイビング殺人事件,「逃げた凶器」
165,17,5,スキューバダイビング殺人事件,「忘れちゃいない」
166,17,6,強盗犯人入院事件,「どうしよう!?」
167,17,7,盗賊団謎の洋館事件,「時計が…」
168,17,8,盗賊団謎の洋館事件,「鬼が出た!?」
169,17,9,盗賊団謎の洋館事件,「L・N・R」
170,17,0,時代劇俳優殺人事件,「役者が揃った」
171,18,1,時代劇俳優殺人事件,「同じはずなのに…」
172,18,2,時代劇俳優殺人事件,「二つの部屋」
173,18,3,初恋の人思い出事件,「初恋の人…」
174,18,4,初恋の人思い出事件,「燃える真実」
175,18,5,初恋の人思い出事件,「心は開く…!?」
176,18,6,黒の組織から来た女大学教授殺人事件[1],「転校生は…」
177,18,7,黒の組織から来た女大学教授殺人事件[1],「黒ずくめの女」
178,18,8,黒の組織から来た女大学教授殺人事件[1],「コードネーム・シェリー」
179,18,9,黒の組織から来た女大学教授殺人事件[2],「偽りの少女」
180,18,0,黒の組織から来た女大学教授殺人事件[2],「チェックメイト」
181,19,1,黒の組織から来た女大学教授殺人事件[2],「どうして…」
182,19,2,ミステリー作家失踪事件,「蒸発した文士」
183,19,3,ミステリー作家失踪事件,「1/2の頂点」
184,19,4,ミステリー作家失踪事件,「フランスにて…」
185,19,5,浪花の連続殺人事件,「食いだおれの街」
186,19,6,浪花の連続殺人事件,「四人目の財布」
187,19,7,浪花の連続殺人事件,「財布の中の…」
188,19,8,浪花の連続殺人事件,「免許証の秘密」
189,19,9,競技場無差別脅迫事件,「狙われたボール」
190,19,0,競技場無差別脅迫事件,「5万6千人の人質」
191,20,1,競技場無差別脅迫事件,「遠くからの眼」
192,20,2,奇術愛好家殺人事件,「逃げろ！」
193,20,3,奇術愛好家殺人事件,「雪原の中で…」
194,20,4,奇術愛好家殺人事件,「怪しい動き」
195,20,5,奇術愛好家殺人事件,「探索」
196,20,6,奇術愛好家殺人事件,「発露」
197,20,7,バスルーム密室事件,「サヨナラ…」
198,20,8,バスルーム密室事件,「証拠が見える」
199,20,9,バスルーム密室事件,「姉想い…」
200,20,0,青の古城探索事件,「孤城への誘い」
201,21,1,青の古城探索事件,「そしてまた…」
202,21,2,青の古城探索事件,「カウントダウン」
203,21,3,青の古城探索事件,「象牙の塔」
204,21,4,空飛ぶ密室工藤新一最初の事件,「最初の挨拶」
205,21,5,空飛ぶ密室工藤新一最初の事件,「大空の密室」
206,21,6,空飛ぶ密室工藤新一最初の事件,「最後の切り札」
207,21,7,空飛ぶ密室工藤新一最初の事件,「胸に秘めて…」
208,21,8,本庁の刑事恋物語,「桜田門の変!?」
209,21,9,本庁の刑事恋物語,「警部の推理」
210,21,0,本庁の刑事恋物語,「意外な敵（ライバル）」
211,21,1,結婚前夜の密室事件,「東京日和」
212,22,1,結婚前夜の密室事件,「おそろいや」
213,22,2,結婚前夜の密室事件,「証拠は…」
214,22,3,結婚前夜の密室事件,「かかった獲物」
215,22,4,上野発北斗星3号,「北斗星」
216,22,5,上野発北斗星3号,「馬脚を露わす!?」
217,22,6,上野発北斗星3号,「tobeContinued…」
218,22,7,上野発北斗星3号,「終着駅」
219,22,8,園子のアブない夏物語,「それゆけ園子」
220,22,9,園子のアブない夏物語,「眠り姫」
221,22,0,園子のアブない夏物語,「蹴撃の貴公子」
222,23,1,最後の上映殺人事件,「チネ・チッタ」
223,23,2,最後の上映殺人事件,「鏡の中の真実」
224,23,3,最後の上映殺人事件,「夢の場所」
225,23,4,二十年目の殺意シンフォニー号連続殺人事件,「影の計画師」
226,23,5,二十年目の殺意シンフォニー号連続殺人事件,「殺意は燃えて…」
227,23,6,二十年目の殺意シンフォニー号連続殺人事件,「意外な標的」
228,23,7,二十年目の殺意シンフォニー号連続殺人事件,「波濤に消ゆ…」
229,23,8,二十年目の殺意シンフォニー号連続殺人事件,「これが真実」
230,23,9,二十年目の殺意シンフォニー号連続殺人事件,「証人生還」
231,23,0,本庁の刑事恋物語2,「捜査開始!!」
232,24,1,本庁の刑事恋物語2,「現場検証」
233,24,2,本庁の刑事恋物語2,「カウントダウン」
234,24,3,暗闇の中の死角,「あと半年…」
235,24,4,暗闇の中の死角,「闇の中…」
236,24,5,暗闇の中の死角,「信じられぬ接点」
237,24,6,暗闇の中の死角,「最後の心」
238,24,7,黒の組織との再会,「裏切りの街角」
239,24,8,黒の組織との再会,「漆黒の葬列」
240,24,9,黒の組織との再会,「突然の別れ」
241,24,0,黒の組織との再会,「過去からの銃弾」
242,24,1,黒の組織との再会,「白の世界」
243,25,1,よみがえる死の伝言[ダイイング・メッセージ],「仲間外れ!?」
244,25,2,よみがえる死の伝言[ダイイング・メッセージ],「死者は語らず」
245,25,3,よみがえる死の伝言[ダイイング・メッセージ],「手探りの言葉」
246,25,4,鳥取クモ屋敷の怪,「蜘蛛屋敷」
247,25,5,鳥取クモ屋敷の怪,「恐怖を見た」
248,25,6,鳥取クモ屋敷の怪,「平次の叫び」
249,25,7,鳥取クモ屋敷の怪,「平次の怒り」
250,25,8,鳥取クモ屋敷の怪,「言葉にできない」
251,25,9,命がけの復活[洞窟の探偵団／負傷した名探偵],「手負いの探偵団」
252,25,0,命がけの復活[洞窟の探偵団／負傷した名探偵],「心強き名探偵達」
253,25,1,命がけの復活[洞窟の探偵団／負傷した名探偵],「一つの確信」
254,26,1,命がけの復活[第3の選択／黒衣の騎士],「迷える心」
255,26,2,命がけの復活[第3の選択／黒衣の騎士],「突然の侵入者」
256,26,3,命がけの復活[第3の選択／黒衣の騎士],「覆われた真実」
257,26,4,命がけの復活[第3の選択／黒衣の騎士],「命懸けの復活」
258,26,5,命がけの復活[帰ってきた新一…&約束の場所],「束の間の休息」
259,26,6,命がけの復活[帰ってきた新一…&約束の場所],「穏やかな時間」
260,26,7,命がけの復活[帰ってきた新一…&約束の場所],「思い出の場所」
261,26,8,意味深なオルゴール,「琴線に触れた!?」
262,26,9,意味深なオルゴール,「消えた音」
263,26,0,意味深なオルゴール,「春よ来い？」
264,27,1,容疑者・毛利小五郎,「身から出た錆」
265,27,2,容疑者・毛利小五郎,「重要参考人」
266,27,3,容疑者・毛利小五郎,「思い切って…」
267,27,4,本庁の刑事恋物語3,「18年前の男」
268,27,5,本庁の刑事恋物語3,「囚われた刑事」
269,27,6,本庁の刑事恋物語3,「時効成立（タイムリミット）」
270,27,7,バトルゲームの罠,「試合開始（ゲームスタート）」
271,27,8,バトルゲームの罠,「TTX…」
272,27,9,バトルゲームの罠,「試合終了（ゲームオーバー）」
273,27,0,きのこと熊と探偵団,「呉越同舟」
274,28,1,きのこと熊と探偵団,「小さな標的」
275,28,2,きのこと熊と探偵団,「殺意の真意」
276,28,3,偽りだらけの依頼人,「偽りの人」
277,28,4,偽りだらけの依頼人,「一握りの証拠」
278,28,5,偽りだらけの依頼人,「恐怖の女」
279,28,6,そして人魚はいなくなった,「人魚の呪い？」
280,28,7,そして人魚はいなくなった,「命様（みことさま）の予言」
281,28,8,そして人魚はいなくなった,「悪魔の矢」
282,28,9,そして人魚はいなくなった,「最後の一矢」
283,28,0,そして人魚はいなくなった,「報われぬ心」
284,28,1,封印された目暮の秘密,「閉ざされた秘密」
285,29,1,封印された目暮の秘密,「小さな違和感」
286,29,2,封印された目暮の秘密,「意外な理由」
287,29,3,謎めいた乗客,「見えない恐怖」
288,29,4,謎めいた乗客,「危険信号」
289,29,5,謎めいた乗客,「白日の下の潜伏」
290,29,6,消えなかった証拠,「愛犬家たち」
291,29,7,消えなかった証拠,「わずかな足跡」
292,29,8,消えなかった証拠,「消えなかった証拠」
293,29,9,大阪“3つのK”事件,「Kスリー」
294,29,0,大阪“3つのK”事件,「最後の可能性」
295,29,1,大阪“3つのK”事件,「レッドカード」
296,30,1,新幹線護送事件,「直球勝負」
297,30,2,新幹線護送事件,「開かれた密室」
298,30,3,新幹線護送事件,「時間差の罠」
299,30,4,集められた名探偵！工藤新一vs.怪盗キッド,「糾合」
300,30,5,集められた名探偵！工藤新一vs.怪盗キッド,「惨劇（トラジディ）」
301,30,6,集められた名探偵！工藤新一vs.怪盗キッド,「密殺」
302,30,7,集められた名探偵！工藤新一vs.怪盗キッド,「誑欺（スティング）」
303,30,8,元太少年の災難,「元太の災難」
304,30,9,元太少年の災難,「元太の罠」
305,30,0,殺意の陶芸教室,「そこには…」
306,30,1,殺意の陶芸教室,「手がかり包囲網」
307,31,1,殺意の陶芸教室,「隠れた言葉」
308,31,2,毛利小五郎のニセ者,「偽者登場」
309,31,3,毛利小五郎のニセ者,「偽者の真実」
310,31,4,毛利小五郎のニセ者,「偽りの時」
311,31,5,網にかかった謎,「暖かき海」
312,31,6,網にかかった謎,「網にかかるは…」
313,31,7,網にかかった謎,「勇気ある決断」
314,31,8,大阪ダブルミステリー浪花剣士と太閤の城[1],「浪花の剣士」
315,31,9,大阪ダブルミステリー浪花剣士と太閤の城[1],「移ろいの剣士」
316,31,0,大阪ダブルミステリー浪花剣士と太閤の城[1],「裁きの剣士」
317,31,1,大阪ダブルミステリー浪花剣士と太閤の城[2],「天下人の城」
318,32,1,大阪ダブルミステリー浪花剣士と太閤の城[2],「天下人の宝」
319,32,2,大阪ダブルミステリー浪花剣士と太閤の城[2],「時を越えて…」
320,32,3,大阪ダブルミステリー浪花剣士と太閤の城[2],「浪花勧進帳」
321,32,4,大阪ダブルミステリー浪花剣士と太閤の城[2],「悲しみの虎の巻」
322,32,5,アイドル達の秘密,「久しぶりの集結」
323,32,6,アイドル達の秘密,「アイドル達の秘密」
324,32,7,アイドル達の秘密,「アイドル達の誤解」
325,32,8,シカゴから来た男,「ライオンの落とし物」
326,32,9,シカゴから来た男,「P＆A」
327,32,0,シカゴから来た男,「バカな作戦」
328,32,1,本庁の刑事恋物語4,「佐藤のお見合い」
329,33,1,本庁の刑事恋物語4,「佐藤の勝算」
330,33,2,本庁の刑事恋物語4,「佐藤の気持ち」
331,33,3,バレンタインの真実,「血の（ブラッディ）バレンタイン[1]」
332,33,4,バレンタインの真実,「血の（ブラッディ）バレンタイン[2]」
333,33,5,バレンタインの真実,「血の（ブラッディ）バレンタイン[3]」
334,33,6,バレンタインの真実,「血の（ブラッディ）バレンタイン[4]」
335,33,7,犯罪の忘れ形見,「妻の忘れ形見」
336,33,8,犯罪の忘れ形見,「清潔な香り」
337,33,9,犯罪の忘れ形見,「花の命…」
338,33,0,隠して急いで省略,「「X」のその意味」
339,33,1,隠して急いで省略,「○×△□!?」
340,34,1,隠して急いで省略,「リンゴの狩り時」
341,34,2,西の名探偵vs.英語教師,「反撃の糸口…」
342,34,3,西の名探偵vs.英語教師,「飛んだ隣人」
343,34,4,西の名探偵vs.英語教師,「あんた何者や」
344,34,5,迷宮のフーリガン,「嵐のブーイング」
345,34,6,迷宮のフーリガン,「疑惑のサポーター」
346,34,7,迷宮のフーリガン,「エセサポーター」
347,34,8,中華街雨のデジャビュ,「雨のデジャビュ」
348,34,9,中華街雨のデジャビュ,「おしぼりの罠」
349,34,0,中華街雨のデジャビュ,「晴れた記憶」
350,34,1,工藤新一NY[ニューヨーク]の事件,「ゴールデンアップル[1]」
351,35,1,工藤新一NY[ニューヨーク]の事件,「ゴールデンアップル[2]」
352,35,2,工藤新一NY[ニューヨーク]の事件,「ゴールデンアップル[3]」
353,35,3,工藤新一NY[ニューヨーク]の事件,「ゴールデンアップル[4]」
354,35,4,工藤新一NY[ニューヨーク]の事件,「ゴールデンアップル[5]」
355,35,5,幽霊屋敷の真実,「幽霊屋敷の謎[1]」
356,35,6,幽霊屋敷の真実,「幽霊屋敷の謎[2]」
357,35,7,幽霊屋敷の真実,「幽霊屋敷の謎[3]」
358,35,8,迷いの森の光彦,「消えた光彦[1]」
359,35,9,迷いの森の光彦,「消えた光彦[2]」
360,35,0,迷いの森の光彦,「消えた光彦[3]」
361,35,1,孤島の姫と竜宮城,「デス・アイランド」
362,36,1,孤島の姫と竜宮城,「危険な来訪者」
363,36,2,孤島の姫と竜宮城,「ミステリー・ワード」
364,36,3,孤島の姫と竜宮城,「グソーの使い」
365,36,4,孤島の姫と竜宮城,「姫と龍宮城」
366,36,5,悪意と聖者の行進,「悪意の中の行進（パレード）」
367,36,6,悪意と聖者の行進,「ビデオの中の証拠」
368,36,7,悪意と聖者の行進,「爆弾犯の狙い」
369,36,8,揺れる警視庁1200万人の人質,「帰らざる刑事」
370,36,9,揺れる警視庁1200万人の人質,「消せない記憶」
371,36,0,揺れる警視庁1200万人の人質,「赤い罠」
372,36,1,揺れる警視庁1200万人の人質,「この世で一番…」
373,37,1,揺れる警視庁1200万人の人質,「バイバイ…」
374,37,2,見えない容疑者,「小五郎の選択[1]」
375,37,3,見えない容疑者,「小五郎の選択[2]」
376,37,4,見えない容疑者,「小五郎の選択[3]」
377,37,5,残された声なき証言,「暗黒の足跡[1]」
378,37,6,残された声なき証言,「暗黒の足跡[2]」
379,37,7,残された声なき証言,「暗黒の足跡[3]」
380,37,8,黒の組織との接触[交渉編／追跡編／決死編],「白い雪…黒い影…」
381,37,9,黒の組織との接触[交渉編／追跡編／決死編],「危険なめぐり逢い」
382,37,0,黒の組織との接触[交渉編／追跡編／決死編],「同乗者」
383,38,1,黒の組織との接触[交渉編／追跡編／決死編],「新兵器！」
384,38,2,夕陽に染まった雛人形,「意外なお宝」
385,38,3,夕陽に染まった雛人形,「歩美の心配」
386,38,4,夕陽に染まった雛人形,「夕陽と階段」
387,38,5,汚れた覆面ヒーロー,「汚れたヒーロー」
388,38,6,汚れた覆面ヒーロー,「狼たちの影」
389,38,7,汚れた覆面ヒーロー,「狼になれなかった男」
390,38,8,服部平次絶体絶命！,「服部平次絶体絶命！[1]」
391,38,9,服部平次絶体絶命！,「服部平次絶体絶命！[2]」
392,38,0,服部平次絶体絶命！,「服部平次絶体絶命！[3]」
393,39,1,炎の中に赤い馬,「誘う赤馬」
394,39,2,炎の中に赤い馬,「赤馬の影」
395,39,3,炎の中に赤い馬,「赤馬の持ち主」
396,39,4,炎の中に赤い馬,「赤馬の目撃者」
397,39,5,炎の中に赤い馬,「愚かなる模倣」
398,39,6,お金で買えない友情,「引き裂かれた友情[1]」
399,39,7,お金で買えない友情,「引き裂かれた友情[2]」
400,39,8,お金で買えない友情,「引き裂かれた友情[3]」
401,39,9,小さな依頼者,「小さな依頼者」
402,39,0,小さな依頼者,「ホクロのある女性」
403,39,1,小さな依頼者,「赤いホクロ…!?」
404,40,1,本庁の刑事恋物語5,「甘いデートにご注意を！」
405,40,2,本庁の刑事恋物語5,「不純な大捜索」
406,40,3,本庁の刑事恋物語5,「不純な大捕り物」
407,40,4,疑惑の辛口カレー,「思い出のテニスコート」
408,40,5,疑惑の辛口カレー,「疑惑のカレー」
409,40,6,疑惑の辛口カレー,「声が出ない…!?」
410,40,7,イチョウ色の初恋,「博士の初恋」
411,40,8,イチョウ色の初恋,「思い出の場所」
412,40,9,イチョウ色の初恋,「初恋・再会・別れ」
413,40,0,似た者プリンセス,「小五郎大失態」
414,41,1,似た者プリンセス,「ママはライバル!?」
415,41,2,似た者プリンセス,「疑惑の銃声」
416,41,3,似た者プリンセス,「闇の男爵夫人（ナイトバロニス）登場！」
417,41,3,東都現像所の秘密,「闇の男爵夫人[ナイトバロニス]登場！」
418,41,4,東都現像所の秘密,「暗闇は死の罠[デストラップ]の扉」
419,41,5,東都現像所の秘密,「暗闇の音なき殺人」
420,41,6,東都現像所の秘密,「黒い光の謎」
421,41,7,4台のポルシェ,「迫る包囲網」
422,41,8,4台のポルシェ,「そこにある危機」
423,41,9,4台のポルシェ,「逃れられないターゲット」
424,41,0,トイレに隠した秘密,「ある来訪者の残した謎…」
425,41,1,トイレに隠した秘密,「小さな密室に残された秘密」
426,42,1,トイレに隠した秘密,「隠されていた真実」
427,42,2,コンビニの落とし穴,「good-byeジョディ」
428,42,3,コンビニの落とし穴,「蘭の推理」
429,42,4,コンビニの落とし穴,「信じられない結末」
430,42,5,黒の組織と真っ向勝負満月の夜の二元ミステリー,「満月の夜と黒い宴の罠」
431,42,6,黒の組織と真っ向勝負満月の夜の二元ミステリー,「血塗られた幽霊船」
432,42,7,黒の組織と真っ向勝負満月の夜の二元ミステリー,「透明人間現る!」
433,42,8,黒の組織と真っ向勝負満月の夜の二元ミステリー,「工藤新一登場!?」
434,42,9,黒の組織と真っ向勝負満月の夜の二元ミステリー,「仮面の下の真実」
435,42,0,黒の組織と真っ向勝負満月の夜の二元ミステリー,「ラットゥンアップル」
436,42,1,お尻のマークを探せ！,「雨中の刻印」
437,43,1,お尻のマークを探せ！,「おしりの印[マーク]を探せ！」
438,43,2,お尻のマークを探せ！,「灰原哀の決意」
439,43,3,忘れられた携帯電話,「忘れられた携帯電話」
440,43,4,忘れられた携帯電話,「奇妙なメモリー」
441,43,5,忘れられた携帯電話,「もうひとつの名探偵」
442,43,6,どっちの推理ショー,「どっちの料理ショー!?」
443,43,7,どっちの推理ショー,「六面体のメッセージ」
444,43,8,どっちの推理ショー,「ダイイングメッセージの裏を読め！」
445,43,9,どっちの推理ショー,「仕組まれたメッセージ」
446,43,0,甲子園の奇跡！見えない悪魔に負けず嫌い,"「53,000分の1の悪魔」"
447,43,1,甲子園の奇跡！見えない悪魔に負けず嫌い,「甲子園の魔物の挑発」
448,44,1,甲子園の奇跡！見えない悪魔に負けず嫌い,「3つの数字の謎を解け！」
449,44,2,甲子園の奇跡！見えない悪魔に負けず嫌い,「ヒントが無い!?」
450,44,3,甲子園の奇跡！見えない悪魔に負けず嫌い,「試合終了[ゲームセット]…!?」
451,44,4,本庁の刑事恋物語6,「天国から地獄」
452,44,5,本庁の刑事恋物語6,「全然平気!?」
453,44,6,本庁の刑事恋物語6,「疑わないの?」
454,44,7,怪盗キッドの驚異空中歩行,「奇蹟」
455,44,8,怪盗キッドの驚異空中歩行,「驚愕」
456,44,9,怪盗キッドの驚異空中歩行,「戦慄」
457,44,0,怪盗キッドの驚異空中歩行,「脱出」
458,44,1,帝丹高校学校怪談,「学校奇譚」
459,45,1,帝丹高校学校怪談,「足跡はどこに!?」
460,45,2,帝丹高校学校怪談,「残された机の真実」
461,45,3,丸見え埠頭の惨劇,「海の上の開かれた密室」
462,45,4,丸見え埠頭の惨劇,「釣りエサは毒!?」
463,45,5,丸見え埠頭の惨劇,「嬉しい火傷」
464,45,6,物言わぬ航路,「秀吉の大返し」
465,45,7,物言わぬ航路,「違和感…」
466,45,8,物言わぬ航路,「大空の裏道」
467,45,9,星と煙草の暗号,「星より密かに」
468,45,0,星と煙草の暗号,「星を見たかい」
469,45,1,星と煙草の暗号,「星に願いを」
470,46,1,星と煙草の暗号,「星は何でも知っている」
471,46,2,ストラディバリウスの不協和音[前奏曲／間奏曲／後奏曲],「前奏曲[プレリュード]」
472,46,3,ストラディバリウスの不協和音[前奏曲／間奏曲／後奏曲],「狂想曲[カプリッチョ]」
473,46,4,ストラディバリウスの不協和音[前奏曲／間奏曲／後奏曲],「鎮魂曲[レクイエム]」
474,46,5,ストラディバリウスの不協和音[前奏曲／間奏曲／後奏曲],「即興曲[アンプロンプテュ]」
475,46,6,ストラディバリウスの不協和音[前奏曲／間奏曲／後奏曲],「幻想曲[ファンタジア]」
476,46,7,奇抜な屋敷の大冒険[封印編／絡繰編／解決編],「封印」
477,46,8,奇抜な屋敷の大冒険[封印編／絡繰編／解決編],「絡繰」
478,46,9,奇抜な屋敷の大冒険[封印編／絡繰編／解決編],「神器」
479,46,0,奇抜な屋敷の大冒険[封印編／絡繰編／解決編],「不滅」
480,46,1,奇妙な一家の依頼疑惑を持った蘭,「疑惑のメール」
481,47,1,奇妙な一家の依頼疑惑を持った蘭,「疑惑の推理」
482,47,2,奇妙な一家の依頼疑惑を持った蘭,「疑惑のアリバイ」
483,47,3,奇妙な一家の依頼疑惑を持った蘭,「疑惑の真相」
484,47,4,奇妙な一家の依頼疑惑を持った蘭,「ロックをはずして…」
485,47,5,宝石強盗現行犯,「彼氏から彼女へ」
486,47,6,宝石強盗現行犯,「自殺から他殺へ」
487,47,7,宝石強盗現行犯,「天空から地上へ」
488,47,8,コナン・平次の推理マジック[仕掛編／館編／解決編],「出現マジック」
489,47,9,コナン・平次の推理マジック[仕掛編／館編／解決編],「禁じられたファイル」
490,47,0,コナン・平次の推理マジック[仕掛編／館編／解決編],「奇術師[マジシャン]の館」
491,47,1,コナン・平次の推理マジック[仕掛編／館編／解決編],「奇術師[マジシャン]失格」
492,48,1,神社鳥居ビックリ暗号,「夏休みの暗号」
493,48,2,神社鳥居ビックリ暗号,「寝転んで顔を洗え！」
494,48,3,神社鳥居ビックリ暗号,「パーフェクト解読!!」
495,48,4,仏滅に出る悪霊[事件編／疑惑編／解決編],「悪霊の棲む屋敷」
496,48,5,仏滅に出る悪霊[事件編／疑惑編／解決編],「13年前の悪夢」
497,48,6,仏滅に出る悪霊[事件編／疑惑編／解決編],「蘇る悪霊」
498,48,7,仏滅に出る悪霊[事件編／疑惑編／解決編],「見過ごしていたもの」
499,48,8,仏滅に出る悪霊[事件編／疑惑編／解決編],「13年目の衝撃」
500,48,9,ブラックインパクト！組織の手が届く瞬間,「ピンポンダッシュ」
501,48,0,ブラックインパクト！組織の手が届く瞬間,「新たなる黒の者」
502,49,1,ブラックインパクト！組織の手が届く瞬間,「ターゲットを追え！」
503,49,2,ブラックインパクト！組織の手が届く瞬間,「新たなる指令」
504,49,3,ブラックインパクト！組織の手が届く瞬間,「黒の組織VS.FBI[1]」
505,49,4,ブラックインパクト！組織の手が届く瞬間,「黒の組織VS.FBI[2]」
506,49,5,超秘密の通学路,「新しい先生」
507,49,6,超秘密の通学路,「秘密の通学路[1]」
508,49,7,超秘密の通学路,「秘密の通学路[2]」
509,49,8,もう戻れない二人,「戻れない二人」
510,49,9,もう戻れない二人,「密閉された車」
511,49,0,もう戻れない二人,「偽りの愛情」
512,50,1,本庁の刑事恋物語7,「緊迫のコンパ」
513,50,2,本庁の刑事恋物語7,「秘密の家庭訪問」
514,50,3,本庁の刑事恋物語7,「つまんない試合」
515,50,4,本庁の刑事恋物語7,「大当たり！」
516,50,5,探偵団に注目取材,「ワクワク取材」
517,50,6,探偵団に注目取材,「真犯人の伝言」
518,50,7,探偵団に注目取材,「ザ・少年探偵団」
519,50,8,平次の思い出,「平次の思い出」
520,50,9,平次の思い出,「雪女の計」
521,50,0,平次の思い出,「謎のリフト」
522,50,1,平次の思い出,「雪女の銀衣伝説」
523,51,1,平次の思い出,「吹雪の中の復讐」
524,51,2,お魚メールの追跡,「おさかな事件」
525,51,3,お魚メールの追跡,「3匹の魚」
526,51,4,ため息潮干狩り,「ため息潮干狩り」
527,51,5,ため息潮干狩り,「ペットボトルの怪」
528,51,6,ため息潮干狩り,「混入トリック」
529,51,7,ロシアンブルーの秘密,「ロシアンブルー」
530,51,8,ロシアンブルーの秘密,「ゴロはゴロでも!?」
531,51,9,封印された洋窓,「開かずの窓」
532,51,0,封印された洋窓,「作られた密室」
533,51,1,封印された洋窓,「魔物の抜け穴」
534,52,1,因縁と友情の試写会,「挙動不審!?」
535,52,2,因縁と友情の試写会,「因縁の試写会」
536,52,3,本庁の刑事恋物語[偽りのウェディング],「式場パニック」
537,52,4,本庁の刑事恋物語[偽りのウェディング],「招かれざる客」
538,52,5,本庁の刑事恋物語[偽りのウェディング],「ウェディング・バトル」
539,52,6,ひっくり返った結末,「常識はずれの部屋」
540,52,7,ひっくり返った結末,「逆さまミステリー」
541,52,8,ひっくり返った結末,「隠したかったもの」
542,52,9,園子の赤いハンカチ,「園子の赤いハンカチ」
543,52,0,園子の赤いハンカチ,「カタカナの名前」
544,52,1,園子の赤いハンカチ,「スーパーマン」
545,53,1,怪盗キッドと四名画,「紅蓮」
546,53,2,怪盗キッドと四名画,「金色」
547,53,3,怪盗キッドと四名画,「青嵐」
548,53,4,怪盗キッドと四名画,「純白」
549,53,5,1年B組大作戦！,「怪人二百面相」
550,53,6,1年B組大作戦！,「1年B組大作戦」
551,53,7,黒の組織の影[幼い目撃者／奇妙な照明],「目撃者は一人」
552,53,8,黒の組織の影[幼い目撃者／奇妙な照明],「釘とヘび」
553,53,9,黒の組織の影[幼い目撃者／奇妙な照明],「トンカチの正体」
554,53,0,黒の組織の影[謎の高額報酬／真珠の流れ星],「不可思議なバイト」
555,54,1,黒の組織の影[謎の高額報酬／真珠の流れ星],「夕食の献立」
556,54,2,黒の組織の影[謎の高額報酬／真珠の流れ星],「夢見るスター」
557,54,3,割れない雪だるま,「探偵団の雪ダルマ」
558,54,4,割れない雪だるま,「転落の軌跡」
559,54,5,割れない雪だるま,「破局の雪山」
560,54,6,服部平次との3日間[1],「人を飲む部屋」
561,54,7,服部平次との3日間[1],「幻の死体」
562,54,8,服部平次との3日間[1],「血痕のカラクリ」
563,54,9,服部平次との3日間[2],「東の高校生探偵」
564,54,0,服部平次との3日間[2],「探偵甲子園」
565,54,1,服部平次との3日間[2],「密室証明」
566,55,1,服部平次との3日間[2],「探偵たちの名推理」
567,55,2,服部平次との3日間[2],「熱血探偵」
568,55,3,元太の必殺シュート,「元太のシュート」
569,55,4,元太の必殺シュート,「元太とエル」
570,55,5,元太の必殺シュート,「イタズラ坊主」
571,55,6,工藤新一少年の冒険,「月下」
572,55,7,工藤新一少年の冒険,「黎明」
573,55,8,工藤新一少年の冒険,「白昼」
574,55,9,工藤新一少年の冒険,「落日」
575,55,0,妃英理弁護士の恋,「秘密の妃英理[1]」
576,55,1,妃英理弁護士の恋,「秘密の妃英理[2]」
577,56,1,本庁の刑事恋物語8[左手の薬指],「婚約指輪[1]」
578,56,2,本庁の刑事恋物語8[左手の薬指],「婚約指輪[2]」
579,56,3,本庁の刑事恋物語8[左手の薬指],「婚約指輪[3]」
580,56,4,山姥の刃物,「鬼婆伝説殺人事件[1]」
581,56,5,山姥の刃物,「鬼婆伝説殺人事件[2]」
582,56,6,山姥の刃物,「鬼婆伝説殺人事件[3]」
583,56,7,黒い写真の行方,「西からの手がかり」
584,56,8,黒い写真の行方,「写真の行方」
585,56,9,黒い写真の行方,「カンパニー」
586,56,0,赤と黒のクラッシュ[発端／血縁],「間違い電話!?」
587,56,1,赤と黒のクラッシュ[発端／血縁],「血が語る真実」
588,57,1,赤と黒のクラッシュ[血縁／絶叫／冥土],「母の遺品」
589,57,2,赤と黒のクラッシュ[血縁／絶叫／冥土],「死を呼ぶ片手袋」
590,57,3,赤と黒のクラッシュ[血縁／絶叫／冥土],「黄泉からの殺人者」
591,57,4,赤と黒のクラッシュ[血縁／絶叫／冥土],「哀しみの手袋」
592,57,4,テレビ局の悪魔,「悪魔が来たりて…」
593,57,5,テレビ局の悪魔,「悪魔のカラクリ」
594,57,6,テレビ局の悪魔,「悪魔の涙」
595,57,8,逃亡者,「逃亡者」
596,57,9,赤と黒のクラッシュ[昏睡／侵入],「鴉の唄」
597,57,0,赤と黒のクラッシュ[昏睡／侵入],「2本目の糸」
598,58,1,赤と黒のクラッシュ[昏睡／侵入],「追跡、そして…」
599,58,2,赤と黒のクラッシュ[覚醒／攪乱／偽装／遺言／嫌疑],「赤井の過去」
600,58,3,赤と黒のクラッシュ[覚醒／攪乱／偽装／遺言／嫌疑],「イチかバチか…」
601,58,4,赤と黒のクラッシュ[覚醒／攪乱／偽装／遺言／嫌疑],「擬装」
602,58,5,赤と黒のクラッシュ[覚醒／攪乱／偽装／遺言／嫌疑],「最終手段」
603,58,6,赤と黒のクラッシュ[覚醒／攪乱／偽装／遺言／嫌疑],「任務（ミッション）」
604,58,7,赤と黒のクラッシュ[覚醒／攪乱／偽装／遺言／嫌疑],「姉弟」
605,58,8,赤と黒のクラッシュ[嫌疑／潔白／決死／殉職],「意外な容疑者」
606,58,9,赤と黒のクラッシュ[嫌疑／潔白／決死／殉職],「13日の金曜日」
607,58,0,赤と黒のクラッシュ[嫌疑／潔白／決死／殉職],「キャメルの過去」
608,58,1,赤と黒のクラッシュ[嫌疑／潔白／決死／殉職],「魔法の呪文」
609,59,1,赤と黒のクラッシュ[嫌疑／潔白／決死／殉職],「鋼の楔」
610,59,2,弁護士妃英理の証言,「音」
611,59,3,弁護士妃英理の証言,「空飛ぶ死体」
612,59,4,弁護士妃英理の証言,「力学とアリバイ」
613,59,5,風林火山迷宮の鎧武者／陰と雷光の決着,「百足」
614,59,6,風林火山迷宮の鎧武者／陰と雷光の決着,「鎧武者」
615,59,7,風林火山迷宮の鎧武者／陰と雷光の決着,「兵法」
616,59,8,風林火山迷宮の鎧武者／陰と雷光の決着,「風林火山」
617,59,9,風林火山迷宮の鎧武者／陰と雷光の決着,「戦」
618,59,0,風林火山迷宮の鎧武者／陰と雷光の決着,「陰と雷」
619,59,1,カラオケBOXの死角,「疑惑の瑛祐」
620,60,1,カラオケBOXの死角,「消えた鈍器」
621,60,2,カラオケBOXの死角,「瑛祐の告白」
622,60,3,赤白黄色と探偵団／W暗号ミステリー,「赤白黄色」
623,60,4,赤白黄色と探偵団／W暗号ミステリー,「クロシロ君」
624,60,5,赤白黄色と探偵団／W暗号ミステリー,「新たな隣人」
625,60,6,都市伝説の正体,「ハンマー男」
626,60,7,都市伝説の正体,「届けられた悪意」
627,60,8,都市伝説の正体,「ハンマー男の正体」
628,60,9,殺意はコーヒーの香り,「殺意のコーヒー」
629,60,0,殺意はコーヒーの香り,「不可能犯罪」
630,60,1,殺意はコーヒーの香り,「苦い真実」
631,61,1,怪盗キッドの瞬間移動魔術[テレポーテーションマジック],「紫紅の爪[パープル・ネイル]」
632,61,2,怪盗キッドの瞬間移動魔術[テレポーテーションマジック],「瞬間移動」
633,61,3,怪盗キッドの瞬間移動魔術[テレポーテーションマジック],「3つのタブー」
634,61,4,怪盗キッドの瞬間移動魔術[テレポーテーションマジック],「Zero[ゼロ]」
635,61,5,憎しみの青い火花,「燃える」
636,61,6,憎しみの青い火花,「火種」
637,61,7,憎しみの青い火花,「バチバチ」
638,61,8,推理対決!新一vs.沖矢昴,「紙飛行機」
639,61,9,推理対決!新一vs.沖矢昴,「メッセージ」
640,61,0,推理対決!新一vs.沖矢昴,「レスキュー」
641,61,1,真犯人からの届け物,「隠滅」
642,62,1,真犯人からの届け物,「偽りの友情」
643,62,2,柔よく謎を制す,「イカロスの翼」
644,62,3,柔よく謎を制す,「返し技」
645,62,4,柔よく謎を制す,「ケガの功名」
646,62,5,殺人犯、工藤新一／新一の正体に蘭の涙,「憎悪の村」
647,62,6,殺人犯、工藤新一／新一の正体に蘭の涙,「失われた記憶」
648,62,7,殺人犯、工藤新一／新一の正体に蘭の涙,「工藤新一の殺人」
649,62,8,殺人犯、工藤新一／新一の正体に蘭の涙,「死羅神様」
650,62,9,殺人犯、工藤新一／新一の正体に蘭の涙,「止まらぬ涙」
651,62,0,殺人犯、工藤新一／新一の正体に蘭の涙,「正体」
652,62,1,本当に聞きたいコト,「ホントに聞きたいコト」
653,63,1,本当に聞きたいコト,「オレの推理」
654,63,2,本当に聞きたいコト,「推理の答え」
655,63,3,回転寿司ミステリー,「回る凶器」
656,63,4,回転寿司ミステリー,「狙い撃ち」
657,63,5,回転寿司ミステリー,「毒物のありか」
658,63,6,犯人は元太の父ちゃん,「猪・鹿・蝶」
659,63,7,犯人は元太の父ちゃん,「八百一と尺八と一品」
660,63,8,犯人は元太の父ちゃん,「選手権の目的」
661,63,9,霧にむせぶ魔女,「銀白の魔女」
662,63,0,霧にむせぶ魔女,「白のFD」
663,63,1,霧にむせぶ魔女,「魔女の正体」
664,64,1,魚が消える一角岩,「一角岩」
665,64,2,魚が消える一角岩,「サバ・コイ・タイ・ヒラメ」
666,64,3,魚が消える一角岩,「殺気」
667,64,4,初恋の傷跡／過去を呼ぶ傷跡,「傷」
668,64,5,初恋の傷跡／過去を呼ぶ傷跡,「思い出の少年」
669,64,6,初恋の傷跡／過去を呼ぶ傷跡,「ガリ君」
670,64,7,新たなる傷跡と口笛の男／古き傷跡と刑事の魂,「口笛の男」
671,64,8,新たなる傷跡と口笛の男／古き傷跡と刑事の魂,「つながり」
672,64,9,新たなる傷跡と口笛の男／古き傷跡と刑事の魂,「ESWN」
673,64,0,新たなる傷跡と口笛の男／古き傷跡と刑事の魂,「よくあるパターン」
674,64,1,怪盗キッドvs.最強金庫,「鉄狸」
675,65,1,怪盗キッドvs.最強金庫,「潜伏」
676,65,2,怪盗キッドvs.最強金庫,「解錠」
677,65,3,探偵団vs.強盗団[騒然／沈黙],「運命の人」
678,65,4,探偵団vs.強盗団[騒然／沈黙],「罠」
679,65,5,探偵団vs.強盗団[騒然／沈黙],「揺れる心」
680,65,6,危険な2人連れ,「危険な2人連れ」
681,65,7,危険な2人連れ,「半殺し」
682,65,8,死亡の館、赤い壁[三顧の礼／掌中の物／死せる孔明／空城の計],「赤い壁」
683,65,9,死亡の館、赤い壁[三顧の礼／掌中の物／死せる孔明／空城の計],「掌中」
684,65,0,死亡の館、赤い壁[三顧の礼／掌中の物／死せる孔明／空城の計],「死せる孔明」
685,65,1,死亡の館、赤い壁[三顧の礼／掌中の物／死せる孔明／空城の計],「生ける仲達を走らす」
686,66,1,死亡の館、赤い壁[三顧の礼／掌中の物／死せる孔明／空城の計],「絶妙好餌」
687,66,2,白鳥警部、桜の思い出,「思い出」
688,66,3,白鳥警部、桜の思い出,「サクラチル」
689,66,4,白鳥警部、桜の思い出,「サクラサク」
690,66,5,もののけ倉でお宝バトル,「もののけ倉」
691,66,6,もののけ倉でお宝バトル,「コナンVS探偵団」
692,66,7,もののけ倉でお宝バトル,「倉の秘密」
693,66,8,恥ずかしいお守りの行方,「お守り奪還作戦！」
694,66,9,恥ずかしいお守りの行方,「最高の試合」
695,66,0,恥ずかしいお守りの行方,「意地悪」
696,66,1,黒きドレスのアリバイ,「ゴスロリ」
697,67,1,黒きドレスのアリバイ,「呪いのファッション!?」
698,67,2,黒きドレスのアリバイ,「不確かでもろい物」
699,67,3,危機呼ぶ赤い前兆[オーメン],「明日があるさ」
700,67,4,黒き13の暗示[サジェスト]／迫る黒の刻限[タイムリミット]／赤く揺れる照準[ターゲット],「危険なエリア」
701,67,5,黒き13の暗示[サジェスト]／迫る黒の刻限[タイムリミット]／赤く揺れる照準[ターゲット],「赤と13の暗示」
702,67,6,黒き13の暗示[サジェスト]／迫る黒の刻限[タイムリミット]／赤く揺れる照準[ターゲット],「爆弾犯の狙い」
703,67,7,黒き13の暗示[サジェスト]／迫る黒の刻限[タイムリミット]／赤く揺れる照準[ターゲット],「吹雪の中の真実」
704,67,8,黒き13の暗示[サジェスト]／迫る黒の刻限[タイムリミット]／赤く揺れる照準[ターゲット],「静かなる戦い」
705,67,9,小林先生の恋／白鳥警部の失恋／時を超える桜の恋,「小林先生の恋」
706,67,0,小林先生の恋／白鳥警部の失恋／時を超える桜の恋,「小林先生の誤解」
707,67,1,小林先生の恋／白鳥警部の失恋／時を超える桜の恋,「桜の少女は？」
708,68,1,小林先生の恋／白鳥警部の失恋／時を超える桜の恋,「桜、満開」
709,68,2,最悪な誕生日[バースデー],「妃英理の災難」
710,68,3,最悪な誕生日[バースデー],「落として上げる?」
711,68,4,最悪な誕生日[バースデー],「最高の誕生日」
712,68,5,闇に消えた麒麟の角／キッドvs.四神探偵団,「青龍」
713,68,6,闇に消えた麒麟の角／キッドvs.四神探偵団,「朱雀」
714,68,7,闇に消えた麒麟の角／キッドvs.四神探偵団,「白虎」
715,68,8,闇に消えた麒麟の角／キッドvs.四神探偵団,「玄武」
716,68,9,猿と熊手のトリ物帖,「酉の市」
717,68,0,猿と熊手のトリ物帖,「猿と9」
718,68,1,猿と熊手のトリ物帖,「天真爛漫」
719,69,1,沼底からの依頼,「沼底からの依頼」
720,69,2,沼底からの依頼,「河童の呪い」
721,69,3,沼底からの依頼,「河童の正体」
722,69,4,湯煙密室のシナリオ,「湯けむりの殺人」
723,69,5,湯煙密室のシナリオ,「湖上の密室」
724,69,6,湯煙密室のシナリオ,「目には目を」
725,69,7,裏切りのホワイトデー,「ホワイトデーの殺人」
726,69,8,裏切りのホワイトデー,「ミラクルなトリック」
727,69,9,裏切りのホワイトデー,「ハッピー・ホワイトデー」
728,69,0,日記が奏でる秘密,「G線上のアリア」
729,69,1,日記が奏でる秘密,「天才」
730,70,1,日記が奏でる秘密,「日記の秘密」
731,70,2,コナンキッドの竜馬お宝攻防戦,「龍馬」
732,70,3,コナンキッドの竜馬お宝攻防戦,「突破」
733,70,4,コナンキッドの竜馬お宝攻防戦,「洗濯」
734,70,5,被害者はクドウシンイチ／犬伏城炎の魔犬,「魔犬」
735,70,6,被害者はクドウシンイチ／犬伏城炎の魔犬,「怨霊」
736,70,7,被害者はクドウシンイチ／犬伏城炎の魔犬,「犬伏家」
737,70,8,被害者はクドウシンイチ／犬伏城炎の魔犬,「玉」
738,70,9,被害者はクドウシンイチ／犬伏城炎の魔犬,「足跡」
739,70,0,被害者はクドウシンイチ／犬伏城炎の魔犬,「姫」
740,70,1,被害者はクドウシンイチ／犬伏城炎の魔犬,「仁義八行」
741,71,1,千葉刑事の初恋,「思い出のVHS」
742,71,2,千葉刑事の初恋,「13年越しの想い」
743,71,3,ホームズの黙示録,「名探偵の弟子」
744,71,4,ホームズの黙示録,「黙示録」
745,71,5,ホームズの黙示録,「ラブは0」
746,71,6,ホームズの黙示録,「ホームズに聞け」
747,71,7,ホームズの黙示録,「ホームズの暗号」
748,71,8,ホームズの黙示録,「もう1つのA」
749,71,9,ホームズの黙示録,「女王からのメッセージ」
750,71,0,ホームズの黙示録,「真の標的」
751,71,1,ホームズの黙示録,「女王の真価」
752,72,1,ホームズの黙示録,「厄介な難事件」
753,72,2,緊急事態２５２,「要救助者」
754,72,3,緊急事態２５２,「危険なかくれんぼ」
755,72,4,緊急事態２５２,「通話コード」
756,72,5,絶叫手術室［オペルーム］,「ヤバイ死に様」
757,72,6,絶叫手術室［オペルーム］,「動く死体」
758,72,7,絶叫手術室［オペルーム］,「偽りの足」
759,72,8,カルタ取り危機一髪,「オオカミ少年」
760,72,9,カルタ取り危機一髪,「諏訪湖の毛ガニ」
761,72,0,カルタ取り危機一髪,「カルタの真実」
762,72,1,時の番人の刃,「時の番人」
763,73,1,時の番人の刃,「時の亡霊」
764,73,2,時の番人の刃,「時の支配者」
765,73,3,死ぬほど美味いラーメン,「死ぬほど美味いラーメン」
766,73,4,死ぬほど美味いラーメン,「ラーメンと毒薬」
767,73,5,死ぬほど美味いラーメン,「眼鏡越しの真実」
768,73,6,幽霊ホテルの推理対決,「截拳道」
769,73,7,幽霊ホテルの推理対決,「ボウヤと同じ探偵」
770,73,8,幽霊ホテルの推理対決,「世良の迂闊な推理」
771,73,9,探偵事務所籠城事件,「名推理を聞かせろ！」
772,73,0,探偵事務所籠城事件,「あだ名の法則」
773,73,1,探偵事務所籠城事件,「狙撃可能！」
774,74,1,探偵事務所籠城事件,「ページをめくれない本」
775,74,2,動画サイト誘拐事件,「動画サイト」
776,74,3,動画サイト誘拐事件,「壺と猫」
777,74,4,動画サイト誘拐事件,「歩美の痕跡」
778,74,5,コナンVS平次東西探偵推理勝負,「どっちが名探偵なんだ？」
779,74,6,コナンVS平次東西探偵推理勝負,「阿部ちゃん」
780,74,7,コナンVS平次東西探偵推理勝負,「魔法の料理」
781,74,8,毒と幻のデザイン,「ＥＹＥ(イーワイイー)」
782,74,9,毒と幻のデザイン,「バームクーヘン」
783,74,0,毒と幻のデザイン,「クレイジーダイヤモンド」
784,74,1,毒と幻のデザイン,「誓いの実況見分」
785,75,1,毒と幻のデザイン,「奥様の告白文」
786,75,2,毒と幻のデザイン,「親子の間の錯視」
787,75,3,小五郎さんはいい人,「小五郎さんはいい人」
788,75,4,小五郎さんはいい人,「本物の眠りの小五郎」
789,75,5,小五郎さんはいい人,「偽小五郎の名推理」
790,75,6,初恋の共同捜査,「千葉刑事の初恋の人」
791,75,7,初恋の共同捜査,「覚えてませんか？」
792,75,8,初恋の共同捜査,「君ってもしかして…」
793,75,9,ウェディング・イブ,「プライベートアイ」
794,75,0,ウェディング・イブ,「遺伝子情報（ゲノム）」
795,75,1,ウェディング・イブ,「炎へと回帰する運命」
796,76,1,探偵たちの夜想曲[ノクターン］[事件／誘拐／推理／バーボン],「コロンボでの待ち合わせ」
797,76,2,探偵たちの夜想曲[ノクターン］[事件／誘拐／推理／バーボン],「縒り合わせられた嘘と謎」
798,76,3,探偵たちの夜想曲[ノクターン］[事件／誘拐／推理／バーボン],「探偵たちの夜想曲（ノクターン）」
799,76,4,探偵たちの夜想曲[ノクターン］[事件／誘拐／推理／バーボン],「子供の好奇心と探偵の探究心」
800,76,5,探偵たちの夜想曲[ノクターン］[事件／誘拐／推理／バーボン],「立体交差の思惑」
801,76,6,１ミリも許さない,「全然笑わない人」
802,76,7,１ミリも許さない,「そんな顔するな…」
803,76,8,１ミリも許さない,「曲解の結末」
804,76,9,命を賭けた恋愛中継[中継開始／絶体絶命／現場突入],「高木刑事からの贈り物」
805,76,0,命を賭けた恋愛中継[中継開始／絶体絶命／現場突入],「ワタル・ブラザーズ」
806,76,1,命を賭けた恋愛中継[中継開始／絶体絶命／現場突入],「継承された旭影」
807,77,1,命を賭けた恋愛中継[中継開始／絶体絶命／現場突入],「最強の先輩」
808,77,2,命を賭けた恋愛中継[中継開始／絶体絶命／現場突入],「遅くなった墓参り」
809,77,3,泡と湯気と煙,「部屋にいた痕跡」
810,77,4,泡と湯気と煙,「泡と湯気と煙」
811,77,5,泡と湯気と煙,「商売道具」
812,77,6,工藤優作の未解決事件[コールド・ケース],「工藤優作の未解決事件［コールド・ケース]」
813,77,7,工藤優作の未解決事件[コールド・ケース],「金一君」
814,77,8,工藤優作の未解決事件[コールド・ケース],「コナン君だよね？」
815,77,9,灰原の秘密に迫る影,「自分の領分」
816,77,0,灰原の秘密に迫る影,「窮地の烽煙」
817,77,1,灰原の秘密に迫る影,「灯下の孤影」
818,78,1,漆黒の特急[ミステリートレイン][発車／隧道／交差／終点],「ミステリートレイン[発車]」
819,78,2,漆黒の特急[ミステリートレイン][発車／隧道／交差／終点],「ミステリートレイン[隧道]」
820,78,3,漆黒の特急[ミステリートレイン][発車／隧道／交差／終点],「ミステリートレイン[一等]」
821,78,4,漆黒の特急[ミステリートレイン][発車／隧道／交差／終点],「ミステリートレイン[交差]」
822,78,5,漆黒の特急[ミステリートレイン][発車／隧道／交差／終点],「ミステリートレイン[遮断]」
823,78,6,漆黒の特急[ミステリートレイン][発車／隧道／交差／終点],「ミステリートレイン[排煙]」
824,78,7,漆黒の特急[ミステリートレイン][発車／隧道／交差／終点],「ミステリートレイン[終点]」
825,78,8,密室にいるコナン／謎解きするバーボン,「スペシャルコーチ」
826,78,9,密室にいるコナン／謎解きするバーボン,「消えた密室の鍵」
827,78,0,密室にいるコナン／謎解きするバーボン,「謎解きの鍵」
828,78,1,コナンvs．キッド赤面の人魚[ブラッシュマーメイド],「泡沫」
829,79,1,コナンvs．キッド赤面の人魚[ブラッシュマーメイド],「擬態」
830,79,2,コナンvs．キッド赤面の人魚[ブラッシュマーメイド],「脱皮」
831,79,3,みんなが見ていた,「情況的密室殺人」
832,79,4,みんなが見ていた,「二人で一人前」
833,79,5,みんなが見ていた,「先生のトリック」
834,79,6,服部平次と吸血鬼館,「吸血鬼の館」
835,79,7,服部平次と吸血鬼館,「ドラキュラ伯爵」
836,79,8,服部平次と吸血鬼館,「心霊写真」
837,79,9,服部平次と吸血鬼館,「南蛮部屋」
838,79,0,服部平次と吸血鬼館,「怪奇現象の半分」
839,79,1,服部平次と吸血鬼館,「それぞれの動機」
840,80,1,服部平次と吸血鬼館,「殺人鬼の計画」
841,80,2,甘く冷たい宅配便,「未配達の荷物」
842,80,3,甘く冷たい宅配便,「猫の宅配便」
843,80,4,甘く冷たい宅配便,「工藤様方配達便」
844,80,5,果実が詰まった宝箱,「本日のフルーツ」
845,80,6,果実が詰まった宝箱,「ボクらの領域」
846,30,7,果実が詰まった宝箱,「魔法の鍵」
847,80,8,現場の隣人は元カレ,「７つ揃うまで」
848,80,9,現場の隣人は元カレ,「用意した一着」
849,80,0,現場の隣人は元カレ,「太閤の手筋」
850,80,1,ジョディの追憶とお花見の罠,「バーボンの目的」
851,81,1,ジョディの追憶とお花見の罠,「ジョディの追憶」
852,81,2,ジョディの追憶とお花見の罠,「赤井秀一の消息」
853,81,3,小五郎はＢＡＲにいる,「探偵はＢＡＲで事件に遭遇する」
854,81,4,小五郎はＢＡＲにいる,「探偵はＢＡＲで事件を推理する」
855,81,5,小五郎はＢＡＲにいる,「探偵はＢＡＲで事件を解決する」
856,81,6,蘭も倒れたバスルーム,「浮気調査」
857,81,7,蘭も倒れたバスルーム,「ボクの推理」
858,81,8,蘭も倒れたバスルーム,「居心地の悪い推理」
859,81,9,容疑者か京極真,「截拳道vs.空手」
860,81,0,容疑者か京極真,「灯油の臭い」
861,81,1,容疑者か京極真,「まるで魔法のように」
862,82,1,怪盗キッドＶＳ京極真,「鉄壁」
863,82,2,怪盗キッドＶＳ京極真,「暗転」
864,82,3,怪盗キッドＶＳ京極真,「雌雄」
865,82,4,招き三毛猫の事件,「三毛猫の大尉」
866,82,5,招き三毛猫の事件,「猫を被って」
867,82,6,招き三毛猫の事件,「イタズラっ子」
868,82,7,招き三毛猫の事件,「招き猫」
869,82,8,本庁の刑事恋物語[告白／真相],「ないのよ・・・」
870,82,9,本庁の刑事恋物語[告白／真相],「願いが叶った時に・・・」
871,82,0,本庁の刑事恋物語[告白／真相],「赤バッジ」
872,82,1,赤女の悲劇,「赤女」
873,83,1,赤女の悲劇,「赤い悪魔」
874,83,2,赤女の悲劇,「赤き昔日」
875,83,3,赤女の悲劇,「赤の悲劇」
876,83,4,意外な結果の恋愛小説,「恋愛小説家」
877,83,5,意外な結果の恋愛小説,「世良に似た女の子」
878,83,6,意外な結果の恋愛小説,「電話と海と私」
879,83,7,コナンと平次恋の暗号,「探偵の師匠」
880,83,8,コナンと平次恋の暗号,「エビス橋」
881,83,9,コナンと平次恋の暗号,「麻薬取引現場」
882,83,0,工藤新一水族館事件,「水色の想い出」
883,84,1,工藤新一水族館事件,「緋色の探偵」
884,84,2,工藤新一水族館事件,「ピンク色の回答」
885,84,3,堤無津川凧揚げ事件,「凧揚げ大会」
886,84,4,堤無津川凧揚げ事件,「盗聴男」
887,84,5,堤無津川凧揚げ事件,「悪魔の声」
888,84,6,ギスギスしたお茶会,「ギスギスしたお茶会」
889,84,7,ギスギスしたお茶会,「ゼロ」
890,84,8,ギスギスしたお茶会,「高速の飛沫血痕」
891,84,9,緋色シリーズ［序章／追求］,「最後のピース」
892,84,0,緋色シリーズ［序章／追求］,「僕の日本から・・・」
893,84,1,緋色シリーズ［序章／追求］,「バーボンの追究、緋色の序章」
894,85,1,緋色シリーズ［交錯／帰還／真相］,「緋色の疑惑」
895,85,2,緋色シリーズ［交錯／帰還／真相］,「緋色の尋問」
896,85,3,緋色シリーズ［交錯／帰還／真相］,「緋色の帰還」
897,85,4,緋色シリーズ［交錯／帰還／真相］,「緋色の真相」
898,85,5,緋色シリーズ［交錯／帰還／真相］,「緋色のエピローグ」
899,85,6,太閤恋する名人戦,「封じ手」
900,85,7,太閤恋する名人戦,「王手」
901,85,8,太閤恋する名人戦,「禁じ手」
902,85,9,太閤恋する名人戦,「妙手」
903,85,0,真夏のプールに沈む謎,「プールに沈む死体」
904,85,0,真夏のプールに沈む謎,「沈むガラスの破片」
905,86,1,真夏のプールに沈む謎,「浮かび上がる真実」
906,86,2,三人の第一発見者,「親切なおばちゃん」
907,86,3,三人の第一発見者,「不審な証言者たち」
908,86,4,三人の第一発見者,「命を賭して・・・」
909,86,5,かまいたちの宿,「鎌鼬あらわる」
910,86,6,かまいたちの宿,「殺意の鎌鼬」
911,86,7,かまいたちの宿,「鎌鼬の侵入経路」
912,86,8,かまいたちの宿,「鎌鼬の幕切れ」
913,86,9,県警の黒い闇,「啄木鳥」
914,86,0,県警の黒い闇,「足跡と啄木鳥会」
915,86,1,県警の黒い闇,「妻女山へ・・・！」
916,87,1,県警の黒い闇,「往く事は流れの如し」
917,87,2,県警の黒い闇,「鞭声粛々夜河を渡る」
918,87,3,ブログ女優の密室事件,「BLOG」
919,87,4,ブログ女優の密室事件,「PHOTO」
920,87,5,ブログ女優の密室事件,「SELFIE」
921,87,6,サクラ組の思い出（蘭GIRL／新一BOY）,「蘭GIRL（前編）」
922,87,7,サクラ組の思い出（蘭GIRL／新一BOY）,「蘭GIRL（後編）」
923,87,8,サクラ組の思い出（蘭GIRL／新一BOY）,「新一BOY（前編）」
924,87,9,サクラ組の思い出（蘭GIRL／新一BOY）,「新一BOY（後編）」
925,87,0,容疑者は熱愛カップル,「ビッグカップル誕生!?」
926,87,1,容疑者は熱愛カップル,「スタッフのアリバイは？」
927,88,1,容疑者は熱愛カップル,「バックヤードの虚像」
928,88,2,死ぬほど美味いラーメン２,「ラーメン屋の変な客」
929,88,3,死ぬほど美味いラーメン２,「ホースを回す犯人!?」
930,88,4,死ぬほど美味いラーメン２,「使いすぎた調味料」
931,88,5,ゾンビが囲む別荘,「ゾンビブレイド」
932,88,6,ゾンビが囲む別荘,「死霊の葬列」
933,88,7,ゾンビが囲む別荘,「人食いゾンビ」
934,88,8,ゾンビが囲む別荘,「死人の行方」
935,88,9,ゾンビが囲む別荘,「灯台下暗し」
936,88,0,仲の悪いガールズバンド,「ガールズバンド」
937,88,1,仲の悪いガールズバンド,「消された手がかり」
938,89,1,仲の悪いガールズバンド,「死角での犯行」
939,89,2,探偵団はヤブの中,「デパートでランチ！」
940,89,3,探偵団はヤブの中,「バラつく証言」
941,89,4,探偵団はヤブの中,「証言の真相」
942,89,5,千葉のUFO難事件,「千葉の難事件」
943,89,6,千葉のUFO難事件,「未確認飛行物体」
944,89,7,千葉のUFO難事件,「ソーラーバルーン」
945,89,8,婚姻届のパスワード,「意地悪なおじいさん」
946,89,9,婚姻届のパスワード,「真の夫婦」
947,89,0,婚姻届のパスワード,「座右の銘」
948,89,1,17年前と同じ現場,「握られたハサミ」
949,90,1,17年前と同じ現場,「甘い匂い」
950,90,2,17年前と同じ現場,「切り取られた文字」
951,90,3,霊魂探偵殺害事件,「霊魂探偵」
952,90,4,霊魂探偵殺害事件,「怪しき隣室には」
953,90,5,霊魂探偵殺害事件,「暗がりに鬼を繋ぐが如く」
954,90,6,裏切りのステージ,「裏切りの制裁」
955,90,7,裏切りのステージ,「裏切りの行方」
956,90,8,裏切りのステージ,「裏切りの矛先」
957,90,9,裏切りのステージ,「裏切りの真相」
958,90,0,コナンと平次の鵺伝説,「宿里村の怪」
959,90,1,コナンと平次の鵺伝説,「鵺の鳴く夜」
960,91,1,コナンと平次の鵺伝説,「鵺の爪跡」
961,91,2,コナンと平次の鵺伝説,「牙を剥いた鵺」
962,91,3,コナンと平次の鵺伝説,「悲しき鵺伝説」
963,91,4,怪盗キッドの絡繰箱,「木神」
964,91,5,怪盗キッドの絡繰箱,「接近」
965,91,6,怪盗キッドの絡繰箱,「日記」
966,91,7,新任教師の骸骨事件,「スキュタレー暗号」
967,91,8,新任教師の骸骨事件,「解読不可能!?」
968,91,9,新任教師の骸骨事件,「若狭先生のヒミツ」
969,91,0,試着室の死角,「試着室で水着」
970,91,1,試着室の死角,「指で残した伝言（メッセージ）」
971,92,1,試着室の死角,「もう１人のお客さん」
972,92,2,さざ波の魔法使い,「さざ波の邂逅」
973,92,3,さざ波の魔法使い,「さざ波の捜査官」
974,92,4,さざ波の魔法使い,「さざ波の魔法使い」
975,92,5,となりの江戸前推理ショー,「江戸っ子探偵!?」
976,92,6,となりの江戸前推理ショー,「奪われた万馬券」
977,92,7,となりの江戸前推理ショー,「江戸前推理ショー」
978,92,8,白い手の女,「若狭先生の自宅」
979,92,9,白い手の女,「白い手の女」
980,92,0,白い手の女,「真っ白な気持ち」
981,92,1,謎解きは喫茶ポアロで,「喫茶ポアロで暇潰し」
982,93,1,謎解きは喫茶ポアロで,「待ち合わせは喫茶ポアロで」
983,93,2,謎解きは喫茶ポアロで,「喫茶ポアロで謎解きを」
984,93,3,妃弁護士ＳＯＳ,「英理、増殖す」
985,93,4,妃弁護士ＳＯＳ,「英理、万事休す」
986,93,5,妃弁護士ＳＯＳ,「英理、SOS」
987,93,6,燃えるテントの怪,「ティップオフ」
988,93,7,燃えるテントの怪,「ヴァイオレーション」
989,93,8,燃えるテントの怪,「ブザービーター」
990,93,9,恋と推理の剣道大会,「今日こそ決着を」
991,93,0,恋と推理の剣道大会,「手ェ出さんとき」
992,93,1,恋と推理の剣道大会,「ここで会うたが・・・」
993,94,1,恋と推理の剣道大会,「ちょー待て」
994,94,2,ＪＫトリオ秘密のカフェ,「蘭の跡を・・・」
995,94,3,ＪＫトリオ秘密のカフェ,「わからないのか？」
996,94,4,ＪＫトリオ秘密のカフェ,「旅行の真相」
997,94,5,心のこもったストラップ,「灰原の機嫌」
998,94,6,心のこもったストラップ,「ストラップを探せ！」
999,94,7,心のこもったストラップ,「ただのじゃないもん！」
1000,94,8,紅の修学旅行,「鮮紅の天井」
1001,94,9,紅の修学旅行,「紅蓮の魔物」
1002,94,0,紅の修学旅行,「紅檜皮の犬矢来」
1003,94,1,紅の修学旅行,「紅鼠の痕跡」
1004,95,1,紅の修学旅行,「薄紅の回答」
1005,95,2,紅の修学旅行,「濃紅の予兆」
1006,95,3,マリアちゃんをさがせ！,「じっとしてなさい！」
1007,95,4,マリアちゃんをさがせ！,「焦ってんだよ」
1008,95,5,マリアちゃんをさがせ！,「ホラ」
1009,95,6,迷宮カクテル,「黒ウサギ亭にて」
1010,95,7,迷宮カクテル,「バイバイだね」
1011,95,8,迷宮カクテル,「あの女性の記憶」
1012,95,9,迷宮カクテル,「ぬかったな」
1013,95,0,標的（ターゲット）は警視庁交通部,「同い年なのに…」
1014,95,1,標的（ターゲット）は警視庁交通部,「臨場」
1015,96,1,標的（ターゲット）は警視庁交通部,「女性警察官連続殺人事件」
1016,96,2,標的（ターゲット）は警視庁交通部,「駐禁の標識」
1017,96,3,標的（ターゲット）は警視庁交通部,「「ミケ」じゃなくて」
1018,96,4,キッドＶＳ高明狙われた唇,「氷中」
1019,96,5,キッドＶＳ高明狙われた唇,「入替」
1020,96,6,キッドＶＳ高明狙われた唇,「翻弄」
1021,96,7,キッドＶＳ高明狙われた唇,「遺品」
1022,96,8,代役・京極真,「代役君」
1023,96,9,代役・京極真,「妙な薬」
1024,96,0,代役・京極真,「世良の追及」
1025,96,1,代役・京極真,「大人びてる子」
1026,97,1,代役・京極真,「大切な物ですから・・・」
1027,97,2,36マスの完全犯罪(パーフェクトゲーム),「探偵の目」
1028,97,3,36マスの完全犯罪(パーフェクトゲーム),「雪山の山荘」
1029,97,4,36マスの完全犯罪(パーフェクトゲーム),「泣く子も眠る」
1030,97,5,36マスの完全犯罪(パーフェクトゲーム),「兄さんみたいに」
1031,97,6,36マスの完全犯罪(パーフェクトゲーム),「ヤバイ感じが」
1032,97,7,山菜狩りとクローバー,「山菜採り」
1033,97,8,山菜狩りとクローバー,「幸運の御守り」
1034,97,9,山菜狩りとクローバー,「ドジだから」
1035,97,0,骨董盆は隠せない,「堆黒盆」
1036,97,1,骨董盆は隠せない,「アダルトな子」
1037,98,1,骨董盆は隠せない,「時の流れを・・・」
1038,98,2,骨董盆は隠せない,「隠すより現る」
1039,98,3,大岡紅葉の挑戦状,「紅葉の挑戦状」
1040,98,4,大岡紅葉の挑戦状,「フットボウル好きの母より」
1041,98,5,大岡紅葉の挑戦状,「30年ぶりの兄弟」
1042,98,6,大岡紅葉の挑戦状,「思い出のジンギスカン」
1043,98,7,太閤名人の将棋盤［初手編／妙手編／王手編］,「名人の髭」
1044,98,8,太閤名人の将棋盤［初手編／妙手編／王手編］,「名人の目」
1045,98,9,太閤名人の将棋盤［初手編／妙手編／王手編］,「名人の手」
1046,98,0,太閤名人の将棋盤［初手編／妙手編／王手編］,「名人の奥の手」
1047,98,1,毒と薬の真相,「持ってたよ・・・」
1048,99,1,毒と薬の真相,「何故泣いている・・・」
1049,99,2,毒と薬の真相,「とても信じられない・・・」
1050,99,3,毒と薬の真相,「弟子で、魔法使い」
1051,99,4,牧場の悲劇,「不気味な牧場」
1052,99,5,牧場の悲劇,「ドジと疑惑」
1053,99,6,牧場の悲劇,「光」
1054,99,7,牧場の悲劇,「強いのは・・・」
1055,99,8,屋根裏部屋の密室殺人事件,「小五郎、窮地に陥る」
1056,99,9,屋根裏部屋の密室殺人事件,「屋根裏の密室」
1057,99,0,屋根裏部屋の密室殺人事件,「暗号の理由」
1058,99,1,工藤優作の推理ショー,「ＴＶで推理ショー!?」
1059,100,1,工藤優作の推理ショー,「ショーの打ち合わせ」
1060,100,2,工藤優作の推理ショー,「ショーはこれから」
1061,100,3,FBI連続殺害事件,「血染めのID」
1062,100,4,FBI連続殺害事件,「計略の街角」
1063,100,5,FBI連続殺害事件,「闇夜の追跡劇」
1064,100,6,FBI連続殺害事件,「暗中の灯火」
1065,100,7,FBI連続殺害事件,「狩人と獲物」
1066,100,8,FBI連続殺害事件,「RUM」
1067,100,9,縁結び神社殺人事件,「秘密のお参り」
1068,100,0,縁結び神社殺人事件,「見当たり捜査」
1069,100,1,縁結び神社殺人事件,「雪だるま」
